{
    "out_path": "../output/out",
    "json_out_path": "out.json",
    "mode": 0,
    "xrange": [
        -3.0,
        3
    ],
    "yrange": [
        -3.0,
        3.0
    ],
    "max_plot": 10000,
    "x0": [
        -0.7562134639782205,
        0.8678720384681493
    ],
    "params": [
        4.6640000000000086,
        1,
        0.005,
        1.0,
        3
    ],
    "dparams": [
        0.01,
        0.1,
        0.1,
        0.1
    ],
    "period": 2,
    "inc_param": 3,
    "var_param": 0,
    "delta_inc": -0.001,
    "inc_iter": 10,
    "max_iter": 16,
    "numerical_diff": false,
    "dif_strip": 1e-04,
    "eps": 1e-08,
    "explode": 1000
}